Model,RMSE
Mean,4397.29969422285
Naive,4459.108546494939
Drift,5117.957264105131
Seasonal Naive,3006.760811959996
