Metric,Value
RMSE,4567.310791734379
MAE,3710.021807517419
MAPE,7.054711319448938
Correlation,-0.6370529219251182
